{
	"format_version": "1.8.0",
	"animations": {
		"animation.countach_lp400.turning": {
			"loop": true,
			"bones": {
				"fronttire1": {
					"rotation": [0, "Math.max(-26, Math.min(26,query.yaw_speed * 0.5))", 0]
				},
				"fronttire2": {
					"rotation": [0, "Math.max(-26, Math.min(26,query.yaw_speed * 0.5))", 0]
				},
				"fb_left": {
					"rotation": [0, "Math.max(-26, Math.min(26,query.yaw_speed * 0.5))", 0]
				},
				"fb_right": {
					"rotation": [0, "Math.max(-26, Math.min(26,query.yaw_speed * 0.5))", 0]
				},
				"steeringwheel": {
					"rotation": [0, 0, "Math.max(-30, Math.min(30,query.yaw_speed * 0.5))*-1"]
				}
			}
		},
		"animation.countach_lp400.drive": {
			"loop": true,
			"animation_length": 0.1667,
			"bones": {
				"fronttire1": {
					"rotation": {
						"0.0": [0, 0, 0],
						"0.1667": [180, 0, 0]
					}
				},
				"fronttire2": {
					"rotation": {
						"0.0": [0, 0, 0],
						"0.1667": [180, 0, 0]
					}
				},
				"backtires": {
					"rotation": {
						"0.0": [0, 0, 0],
						"0.1667": [180, 0, 0]
					}
				},
				"pecutan": {
					"position": [0, -1, 0]
				}
			}
		},
		"animation.countach_lp400.door": {
			"loop": true,
			"bones": {
				"leftdoor": {
					"rotation": [-60, -10, 0]
				},
				"rightdoor": {
					"rotation": [-60, 10, 0]
				}
			}
		},
		"animation.countach_lp400.meter1": {
			"loop": false,
			"bones": {
				"speedmeter": {
					"rotation": {
						"0.0": [0, 0, 277.5],
						"11": [0, 0, 0]
					}
				},
				"rpm_meter": {
					"rotation": {
						//first gear
						"0.0": [0, 0, 210],
						//second gear
						"2": [0, 0, 0],
						"2.2": [0, 0, 210],
						//third gear
						"4": [0, 0, 0],
						"4.2": [0, 0, 210],
						//4th gear
						"6.5": [0, 0, 0],
						"6.7": [0, 0, 210],
						//5th gear
						"9.5": [0, 0, 0],
						"9.7": [0, 0, 210],
						
						"13.5": [0, 0, 0]
					}
				},
				"stick": {
					"position": {
						"0.0": [1.1, 0, 0.1],
						"2.2": {"pre": [1.1, 0, 0.1], "post": [1.1, 0, 1.3]},
						"4.0": {"pre": [1.1, 0, 1.3], "post": [1.1, 0, 0.7]},
						"4.08": {"pre": [1.1, 0, 0.7], "post": [0.5, 0, 0.7]},
						"4.2": {"pre": [0.5, 0, 0.7], "post": [0.5, 0, 0.1]},
						"6.5": {"pre": [0.5, 0, 0.1], "post": [0.5, 0, 1.3]},
						"9.48": {"pre": [0.5, 0, 1.3], "post": [0.5, 0, 0.7]},
						"9.6": {"pre": [0.5, 0, 0.7], "post": [0, 0, 0.7]},
						"9.72": {"pre": [0, 0, 0.7], "post": [0, 0, 0.1]}
					}
				}
			}
		},
		"animation.countach_lp400.meter_player": {
			"loop": true,
			"bones": {
				"speedmeter": {
					"position": [0, 0, 1]
				},
				"rpm_meter": {
					"position": [0, 0, 1]
				},
				"stick": {
					"position": [0, 0, 7]
				}
			}
		},
		"animation.countach_lp400.meter_player2": {
			"loop": true,
			"bones": {
				"speedmeter2": {
					"position": [0, 0, -1]
				},
				"rpm_meter2": {
					"position": [0, 0, -1]
				},
				"stick2": {
					"position": [0, 0, -8]
				}
			}
		},
		"animation.countach_lp400.open": {
			"loop": false,
			"bones": {
				"leftdoor": {
					"rotation": {
						"0.0": [-60, -10, 0],
						"0.56": [0, 0, 0]
					}
				},
				"rightdoor": {
					"rotation": {
						"0.0": [-60, 10, 0],
						"0.56": [0, 0, 0]
					}
				}
			},
			"sound_effects": {
				"0.0": {
					"effect": "open"
				}
			}
		},
		"animation.countach_lp400.close": {
			"loop": false,
			"bones": {
				"leftdoor": {
					"rotation": {
						"0.0": [60, 10, 0],
						"0.56": [0, 0, 0]
					}
				},
				"rightdoor": {
					"rotation": {
						"0.0": [60, -10, 0],
						"0.56": [0, 0, 0]
					}
				}
			},
			"sound_effects": {
				"0.0": {
					"effect": "close"
				}
			}
		},
		"animation.countach_lp400.popups": {
			"loop": false,
			"bones": {
				"popups": {
					"rotation": {
						"0.0": [22.5, 0, 0],
						"0.56": [0, 0, 0]
					}
				}
			},
			"sound_effects": {
				"0.0": {
					"effect": "open"
				}
			}
		},
		"animation.countach_lp400.popups2": {
			"loop": false,
			"bones": {
				"popups": {
					"rotation": {
						"0.0": [-22.5, 0, 0],
						"0.56": [0, 0, 0]
					}
				}
			},
			"sound_effects": {
				"0.0": {
					"effect": "close"
				}
			}
		},
		"animation.countach_lp400.wipers": {
			"loop": true,
			"animation_length": 0.6,
			"bones": {
				"wiper1": {
					"rotation": {
						"0.0": [0, 0, 0],
						"0.3": [0, 0, -55],
						"0.6": [0, 0, 0]
					}
				},
				"wiper2": {
					"rotation": {
						"0.0": [0, 0, 0],
						"0.3": [0, 0, -55],
						"0.6": [0, 0, 0]
					}
				},
				"wiper3": {
					"rotation": {
						"0.0": [0, 0, 0],
						"0.3": [0, 0, -37.5],
						"0.6": [0, 0, 0]
					}
				}
			}
		}
	}
}