{
	"format_version": "1.8.0",
	"animations": {
		"animation.countach_lp400.door_open_and_close_preview": {
			"loop": true,
			"animation_length": 4.68,
			"bones": {
				"leftdoor": {
					"rotation": {
						"0.6": {
							"post": [0, 0, 0],
							"lerp_mode": "catmullrom"
						},
						"1.32": [63, 10, 0],
						"2.32": [63, 10, 0],
						"3.12": {
							"post": [0, 0, 0],
							"lerp_mode": "catmullrom"
						}
					}
				},
				"rightdoor": {
					"rotation": {
						"0.64": {
							"post": [0, 0, 0],
							"lerp_mode": "catmullrom"
						},
						"1.36": [64, -10, 0],
						"2.36": [64, -10, 0],
						"3.16": {
							"post": [0, 0, 0],
							"lerp_mode": "catmullrom"
						}
					}
				}
			}
		},
		"animation.countach_lp400.change_gear_preview": {
			"loop": true,
			"animation_length": 16,
			"bones": {
				"speedmeter2": {
					"position": [0, 0, -1]
				},
				"rpm_meter2": {
					"position": [0, 0, -1]
				},
				"stick2": {
					"position": [0, 0, -8]
				},
				"speedmeter": {
					"rotation": {
						"0.0": [0, 0, 277.5],
						"11.0": [0, 0, 0]
					},
					"position": [0, 0, 1]
				},
				"rpm_meter": {
					"rotation": {
						"0.0": [0, 0, 210],
						"2.0": [0, 0, 0],
						"2.2": [0, 0, 210],
						"4.0": [0, 0, 0],
						"4.2": [0, 0, 210],
						"6.5": [0, 0, 0],
						"6.7": [0, 0, 210],
						"9.5": [0, 0, 0],
						"9.7": [0, 0, 210],
						"13.5": [0, 0, 0]
					},
					"position": [0, 0, 1]
				},
				"stick": {
					"position": {
						"0.0": [1.1, 0, 7.1],
						"2.2": {"pre": [1.1, 0, 7.1], "post": [1.1, 0, 8.3]},
						"4.0": {"pre": [1.1, 0, 8.3], "post": [1.1, 0, 7.7]},
						"4.08": {"pre": [1.1, 0, 7.7], "post": [0.5, 0, 7.7]},
						"4.2": {"pre": [0.5, 0, 7.7], "post": [0.5, 0, 7.1]},
						"6.5": {"pre": [0.5, 0, 7.1], "post": [0.5, 0, 8.3]},
						"9.48": {"pre": [0.5, 0, 8.3], "post": [0.5, 0, 7.7]},
						"9.6": {"pre": [0.5, 0, 7.7], "post": [0, 0, 7.7]},
						"9.72": {"pre": [0, 0, 7.7], "post": [0, 0, 7.1]}
					}
				}
			}
		},
		"animation.countach_lp400.popups_preview": {
			"loop": true,
			"animation_length": 4.72,
			"bones": {
				"popups": {
					"rotation": {
						"0.24": [0, 0, 0],
						"0.76": [-21.5, 0, 0],
						"2.8": [-21.5, 0, 0],
						"3.6": [0, 0, 0]
					}
				}
			}
		}
	}
}