{
	"format_version": "1.8.0",
	"minecraft:client_entity": {
		"description": {
			"identifier": "lp800:white2",
			"materials": {
				"default": "enderman"
			},
			"textures": {
				"default": "textures/entity/lp800/white"
			},
			"geometry": {
				"default": "geometry.lp800_m2"
			},
			"render_controllers": [
				"controller.render.lp800"
			],
			"animations": {
				"drive": "animation.lp800.drive",
				"turning": "animation.lp800.turning",
				"door": "animation.lp800.door",
				"open": "animation.lp800.open"
			},
			"spawn_egg": {
				"texture": "lp800",
				"texture_index": 0
			},
			"animation_controllers": [
				{
					"general": "controller.animation.lp800.general2"
				}
			]
		}
	}
}