{
	"format_version": "1.8.0",
	"minecraft:client_entity": {
		"description": {
			"identifier": "lp800:red1",
			"materials": {
				"default": "enderman"
			},
			"textures": {
				"default": "textures/entity/lp800/red"
			},
			"geometry": {
				"default": "geometry.lp800_m1"
			},
			"render_controllers": [
				"controller.render.lp800"
			],
			"animations": {
				"drive": "animation.lp800.drive",
				"turning": "animation.lp800.turning",
				"close": "animation.lp800.close"
			},
			"spawn_egg": {
				"texture": "lp800",
				"texture_index": 0
			},
			"animation_controllers": [
				{
					"general": "controller.animation.lp800.general1"
				}
			]
		}
	}
}