{
	"format_version": "1.16.0",
	"minecraft:entity": {
		"description": {
			"identifier": "lp800:orange1",
			"is_spawnable": true,
			"is_summonable": true,
			"is_experimental": false
		},
		"component_groups": {
			"door_open": {
        		"minecraft:transformation": {
          		"into": "lp800:orange2",
          		"delay": 0.1
       			 }
    		}
		},
		"components": {
			"minecraft:type_family": {
				"family": [
					"cars"
				]
			},
			"minecraft:knockback_resistance": {
				"value": 1,
				"max": 1
			},
			"minecraft:scale": {
				"value": 0.4
			},
			"minecraft:collision_box": {
				"width": 5,
				"height": 5
			},
			"minecraft:health": {
				"value": 60
			},
			"minecraft:jump.static": {},
			"minecraft:physics": {},
			"minecraft:interact": {
			"interactions": [
				{
					"on_interact": {
						"event": "door_open"
					},
					"use_item": false,
					"interact_text": "Open Door"
				}
			]
		},
		"minecraft:pushable": {
			"is_pushable": false,
			"is_pushable_by_piston": true
			}
		},

		"events": {
			"door_open": {
        		"add": {
          			"component_groups": [
            			"door_open"
          			]
        		}
      		}
		}
	}
}